{
  "publicPath": "/dist/",
  "all": [
    "0.92977f94667658943648.js",
    "1.3a01bfee2060d1a52bea.js",
    "2.3b82f21294a3647ddcee.js",
    "3.ce75d3872be425d2dda8.js",
    "main.07b414b375c960fb588c.js",
    "manifest.3218a9122ec180d6b914.js"
  ],
  "initial": [
    "manifest.3218a9122ec180d6b914.js",
    "main.07b414b375c960fb588c.js"
  ],
  "async": [
    "0.92977f94667658943648.js",
    "1.3a01bfee2060d1a52bea.js",
    "2.3b82f21294a3647ddcee.js",
    "3.ce75d3872be425d2dda8.js"
  ],
  "modules": {
    "57887495": [
      4
    ],
    "09290ec0": [
      4
    ],
    "37d88526": [
      4
    ],
    "1cb147ff": [
      4
    ],
    "cfe23a82": [
      4
    ],
    "6cb91b2b": [
      4
    ],
    "a8f4f8ae": [
      4
    ],
    "554a18d6": [
      4
    ],
    "b921eb34": [
      4
    ],
    "d529097e": [
      4
    ],
    "6f87e0d0": [
      4
    ],
    "237a7a7c": [
      4
    ],
    "403914d8": [
      4
    ],
    "040f2868": [
      4
    ],
    "233417aa": [
      4
    ],
    "33ef349f": [
      4
    ],
    "9c1c0750": [
      4
    ],
    "2e60a009": [
      4
    ],
    "1369b6f3": [
      4
    ],
    "7ae785d6": [
      4
    ],
    "06fe4491": [
      4
    ],
    "9cd1aa8a": [
      4
    ],
    "8395d430": [
      4
    ],
    "15c13d97": [
      4
    ],
    "47bc8276": [
      4
    ],
    "30300fd6": [
      4
    ],
    "162e3972": [
      4
    ],
    "63117f1c": [
      4
    ],
    "0fb2d800": [
      4
    ],
    "4e0f15aa": [
      4
    ],
    "681c220f": [
      4
    ],
    "338d9168": [
      4
    ],
    "5e3e2719": [
      4
    ],
    "6d1e3558": [
      4
    ],
    "165a5eb7": [
      4
    ],
    "6c9f54e6": [
      4
    ],
    "4dccb498": [
      4
    ],
    "6e39b393": [
      4
    ],
    "9a18ce40": [
      4
    ],
    "427f38f9": [
      4
    ],
    "370061af": [
      3
    ],
    "fd00f492": [
      2
    ],
    "182537e2": [
      1
    ],
    "f91abfee": [
      0
    ],
    "205f62ee": [
      3
    ],
    "640c1db6": [
      3
    ],
    "035e1042": [
      3
    ],
    "637b472a": [
      3
    ],
    "635696b6": [
      2
    ],
    "1879152d": [
      2
    ],
    "bec6a76c": [
      2
    ],
    "6b80f873": [
      2
    ],
    "5db8a27a": [
      1
    ],
    "a1c27150": [
      1
    ],
    "3eef0375": [
      1
    ],
    "09d34f9e": [
      1
    ],
    "ac66b04e": [
      0
    ],
    "68aa015a": [
      0
    ],
    "62824f50": [
      0
    ],
    "17b0ef72": [
      0
    ],
    "d32d8a04": [
      3
    ],
    "d24c11f4": [
      2
    ],
    "fc888b9e": [
      1
    ],
    "2fb64e90": [
      0
    ]
  }
}